2022-01-28,38.913217,-76.981150,Ward 5,2022-02-01
2022-02-01,38.937147,-76.966261,Ward 5,2022-02-01
2022-02-01,38.876256,-77.006990,Ward 6,2022-02-01
2022-02-01,38.876256,-77.006990,Ward 6,2022-02-01
2022-02-01,38.876730,-77.002475,Ward 6,2022-02-01
2022-02-01,38.853728,-76.995045,Ward 8,2022-02-01
2022-02-01,38.916845,-77.032329,Ward 2,2022-02-01
2022-02-01,38.876149,-77.015887,Ward 6,2022-02-01
2022-02-01,38.876730,-77.002475,Ward 6,2022-02-01
2022-02-01,38.905884,-77.011265,Ward 6,2022-02-01
2022-02-03,38.880352,-76.942926,Ward 7,2022-02-08
2022-02-03,38.928684,-77.034638,Ward 1,2022-02-08
2022-02-03,38.924505,-77.028939,Ward 1,2022-02-08
2022-02-03,38.924543,-77.030478,Ward 1,2022-02-08
2022-02-06,38.864069,-76.987168,Ward 8,2022-02-06
2022-02-07,38.901447,-76.983930,Ward 5,2022-02-07
2022-02-07,38.894427,-76.955466,Ward 7,2022-02-07
2022-02-08,38.936434,-77.078674,Ward 3,2022-02-08
2022-02-09,38.908037,-76.988203,Ward 5,2022-02-09
2022-02-10,38.938449,-77.024857,Ward 4,2022-02-10
2022-02-10,38.918601,-77.029150,Ward 1,2022-02-10
2022-02-11,38.869383,-76.940987,Ward 7,2022-02-11
2022-02-14,38.939705,-77.018494,Ward 4,2022-02-14
2022-02-15,38.899577,-76.923657,Ward 7,2022-02-15
2022-02-15,38.883106,-77.029717,Ward 6,2022-02-15
2022-02-17,38.889072,-77.028471,Ward 2,2022-02-17
2022-02-18,38.869487,-76.941198,Ward 7,2022-02-18
2022-02-19,38.916999,-77.029621,Ward 1,2022-02-19
2022-02-20,38.928206,-77.027133,Ward 1,2022-02-20
2022-02-24,38.882918,-77.016389,Ward 6,2022-02-24
2022-02-26,38.929092,-77.027348,Ward 1,2022-02-28
2022-02-26,38.929675,-77.027744,Ward 1,2022-02-28
2022-02-26,38.908855,-76.999592,Ward 5,2022-02-26
2022-03-01,38.914300,-77.038157,Ward 2,2022-03-01
2022-03-07,38.890100,-76.987152,Ward 6,2022-03-07
2022-03-09,38.907646,-77.041930,Ward 2,2022-03-09
2022-03-09,38.907646,-77.041930,Ward 2,2022-03-09
2022-03-09,38.907646,-77.041930,Ward 2,2022-03-09
2022-03-09,38.907646,-77.041930,Ward 2,2022-03-09
2022-03-09,38.907646,-77.041930,Ward 2,2022-03-09
2022-03-09,38.914303,-77.042450,Ward 2,2022-03-09
2022-03-10,38.916866,-77.031718,Ward 1,2022-03-10
2022-03-15,38.904165,-77.025000,Ward 2,2022-03-15
2022-03-16,38.933313,-77.055495,Ward 3,2022-03-16
2022-03-16,38.933313,-77.055495,Ward 3,2022-03-16
2022-03-16,38.870976,-76.969326,Ward 7,2022-03-16
2022-03-16,38.895600,-76.914752,Ward 7,2022-03-16
2022-03-17,38.891406,-76.960006,Ward 7,2022-03-17
2022-03-18,38.827451,-77.006027,Ward 8,2022-03-18
2022-03-21,38.888649,-77.028189,Ward 2,2022-03-21
2022-03-22,38.889754,-76.922885,Ward 7,2022-03-22
2022-03-22,38.940405,-76.988797,Ward 5,2022-03-22
2022-03-22,38.940724,-76.989749,Ward 5,2022-03-22
2022-03-26,38.911933,-77.082601,Ward 3,2022-03-26
2022-03-26,38.927755,-77.029425,Ward 1,2022-03-26
2022-03-29,38.850106,-76.983437,Ward 8,2022-03-29
2022-03-29,38.940804,-77.033785,Ward 4,2022-03-29
2022-03-30,38.849591,-76.984023,Ward 8,2022-03-30
2022-03-30,38.919024,-77.029082,Ward 1,2022-03-30
2022-03-31,38.912424,-77.038985,Ward 2,2022-03-31
2022-03-31,38.917628,-77.007426,Ward 5,2022-03-31
2022-04-02,38.849924,-76.983887,Ward 8,2022-04-02
2022-04-02,38.911931,-77.082516,Ward 3,2022-04-02
2022-04-04,38.927080,-77.027375,Ward 1,2022-04-04
2022-04-04,38.927465,-77.026956,Ward 1,2022-04-04
2022-04-05,38.919021,-77.029025,Ward 1,2022-04-05
2022-04-05,38.925026,-77.073620,Ward 3,2022-04-05
2022-04-05,38.928206,-77.027133,Ward 1,2022-04-05
2022-04-06,38.872116,-76.961196,Ward 7,2022-04-06
2022-04-07,38.917943,-77.039662,Ward 1,2022-04-07
2022-04-08,38.938678,-77.031217,Ward 4,2022-04-08
2022-04-10,38.915827,-77.040211,Ward 2,2022-04-10
2022-04-10,38.938846,-77.029283,Ward 4,2022-04-10
2022-04-10,38.911933,-77.082601,Ward 3,2022-04-10
2022-04-11,38.911902,-77.081721,Ward 3,2022-04-11
2022-04-11,38.869237,-76.968680,Ward 7,2022-04-11
2022-04-11,38.942200,-77.026137,Ward 4,2022-04-11
2022-04-12,38.925796,-76.971691,Ward 5,2022-04-12
2022-04-13,38.915821,-77.039640,Ward 2,2022-04-13
2022-04-14,38.891602,-76.954491,Ward 7,2022-04-14
2022-04-17,38.894847,-76.954553,Ward 7,2022-04-17
2022-04-19,38.915827,-77.040211,Ward 2,2022-04-19
2022-04-20,38.932412,-76.998018,Ward 5,2022-04-20
2022-04-20,38.944925,-77.024412,Ward 4,2022-04-20
2022-04-20,38.907240,-77.021919,Ward 2,2022-04-20
2022-04-22,38.843670,-76.989877,Ward 8,2022-04-22
2022-04-23,38.928891,-77.032078,Ward 1,2022-04-23
2022-04-23,38.886468,-76.923254,Ward 7,2022-04-23
2022-04-23,38.900439,-77.054299,Ward 2,2022-04-23
2022-04-23,38.900441,-77.054242,Ward 2,2022-04-23
2022-04-24,38.924322,-77.008199,Ward 5,2022-04-24
2022-04-24,38.924322,-77.008125,Ward 5,2022-04-24
2022-04-24,38.908119,-77.026242,Ward 2,2022-04-24
2022-04-25,38.925796,-76.971691,Ward 5,2022-04-25
2022-04-25,38.895727,-76.971402,Ward 7,2022-04-25
2022-04-25,38.930694,-77.027990,Ward 1,2022-04-25
2022-04-25,38.834342,-76.997993,Ward 8,2022-04-25
2022-04-26,38.883702,-77.016399,Ward 6,2022-04-26
2022-04-26,38.947633,-77.007195,Ward 5,2022-04-26
2022-04-26,38.924321,-77.008272,Ward 5,2022-04-26
2022-04-27,38.924321,-77.008272,Ward 5,2022-04-27
2022-04-27,38.924321,-77.008272,Ward 5,2022-04-27
2022-04-27,38.924321,-77.008272,Ward 5,2022-04-27
2022-04-28,38.933287,-77.042739,Ward 1,2022-04-28
2022-04-29,38.878004,-76.964988,Ward 7,2022-04-29
2022-04-29,38.931557,-77.091406,Ward 3,2022-04-29
2022-04-29,38.930009,-77.088290,Ward 3,2022-04-29
2022-04-29,38.928092,-77.083109,Ward 3,2022-04-29
2022-04-29,38.933646,-77.085116,Ward 3,2022-04-29
2022-04-29,38.933646,-77.085116,Ward 3,2022-04-29
2022-04-29,38.934431,-77.086128,Ward 3,2022-04-29
2022-04-29,38.932881,-77.088874,Ward 3,2022-04-29
2022-04-30,38.898342,-76.929586,Ward 7,2022-04-30
2022-04-30,38.933421,-76.967691,Ward 5,2022-04-30
2022-05-01,38.932633,-77.089060,Ward 3,2022-05-01
2022-05-01,38.900439,-77.054299,Ward 2,2022-05-01
2022-05-01,38.900439,-77.054299,Ward 2,2022-05-01
2022-05-02,38.933671,-77.089925,Ward 3,2022-05-02
2022-05-02,38.934541,-77.089169,Ward 3,2022-05-02
2022-05-02,38.934287,-77.090065,Ward 3,2022-05-02
2022-05-02,38.934166,-77.089285,Ward 3,2022-05-02
2022-05-02,38.883702,-77.016399,Ward 6,2022-05-02
2022-05-02,38.909652,-77.033254,Ward 2,2022-05-02
2022-05-03,38.883702,-77.016399,Ward 6,2022-05-03
2022-05-03,38.930825,-77.091409,Ward 3,2022-05-03
2022-05-03,38.931066,-77.090814,Ward 3,2022-05-03
2022-05-03,38.930086,-77.091484,Ward 3,2022-05-03
2022-05-06,38.924322,-77.008125,Ward 5,2022-05-06
2022-05-06,38.904134,-77.069916,Ward 2,2022-05-06
2022-05-06,38.929891,-77.028727,Ward 1,2022-05-06
2022-05-07,38.929971,-77.031513,Ward 1,2022-05-07
2022-05-07,38.849793,-76.983692,Ward 8,2022-05-07
2022-05-09,38.870521,-76.989412,Ward 8,2022-05-09
2022-05-10,38.933589,-76.994364,Ward 5,2022-05-10
2022-05-10,38.896040,-76.936164,Ward 7,2022-05-10
2022-05-11,38.917196,-77.010725,Ward 5,2022-05-11
2022-05-11,38.917196,-77.010725,Ward 5,2022-05-11
2022-05-11,38.917196,-77.010725,Ward 5,2022-05-11
2022-05-12,38.896040,-76.936164,Ward 7,2022-05-12
2022-05-12,38.932866,-76.966616,Ward 5,2022-05-12
2022-05-13,38.976304,-77.026320,Ward 4,2022-05-13
2022-05-14,38.929906,-77.029474,Ward 1,2022-05-14
2022-05-15,38.894617,-76.985713,Ward 6,2022-05-15
2022-05-15,38.911261,-77.017207,Ward 2,2022-05-15
2022-05-16,38.922775,-77.042099,Ward 1,2022-05-16
2022-05-16,38.830772,-77.001456,Ward 8,2022-05-16
2022-05-17,38.852091,-76.983098,Ward 8,2022-05-17
2022-05-17,38.983846,-77.056204,Ward 4,2022-05-17
2022-05-17,38.957822,-77.006010,Ward 4,2022-05-17
2022-05-17,38.899133,-76.922128,Ward 7,2022-05-17
2022-05-18,38.917196,-77.010725,Ward 5,2022-05-18
2022-05-18,38.835953,-76.990213,Ward 8,2022-05-18
2022-05-18,38.835953,-76.990213,Ward 8,2022-05-18
2022-05-19,38.962172,-76.998254,Ward 4,2022-05-19
2022-05-19,38.894617,-76.985713,Ward 6,2022-05-19
2022-05-19,38.901079,-77.003256,Ward 6,2022-05-19
2022-05-19,38.896040,-76.936164,Ward 7,2022-05-19
2022-05-19,38.885065,-77.005893,Ward 6,2022-05-19
2022-05-20,38.917196,-77.010725,Ward 5,2022-05-20
2022-05-20,38.916798,-77.010801,Ward 5,2022-05-20
2022-05-20,38.972052,-77.029426,Ward 4,2022-05-20
2022-05-21,38.929971,-77.031513,Ward 1,2022-05-21
2022-05-21,38.915827,-77.040211,Ward 2,2022-05-21
2022-05-22,38.921336,-77.041063,Ward 1,2022-05-22
2022-05-22,38.920749,-77.040846,Ward 1,2022-05-22
2022-05-23,38.906709,-76.935783,Ward 7,2022-05-23
2022-05-23,38.915827,-77.040211,Ward 2,2022-05-23
2022-05-23,38.927582,-77.026975,Ward 1,2022-05-23
2022-05-23,38.915790,-77.040020,Ward 2,2022-05-23
2022-05-23,38.927292,-77.026915,Ward 1,2022-05-23
2022-05-23,38.926854,-77.027324,Ward 1,2022-05-23
2022-05-23,38.926071,-77.026753,Ward 1,2022-05-23
2022-05-23,38.922177,-77.026761,Ward 1,2022-05-23
2022-05-23,38.886806,-77.017551,Ward 6,2022-05-23
2022-05-23,38.928891,-77.032078,Ward 1,2022-05-23
2022-05-25,38.883634,-76.958647,Ward 7,2022-05-25
2022-05-25,38.890543,-76.990012,Ward 6,2022-05-25
2022-05-25,38.933089,-77.084816,Ward 3,2022-05-25
2022-05-26,38.894617,-76.985713,Ward 6,2022-05-26
2022-05-27,38.909705,-77.053112,Ward 2,2022-05-27
2022-05-27,38.894617,-76.985713,Ward 6,2022-05-27
2022-05-27,38.910863,-77.028316,Ward 2,2022-05-27
2022-05-27,38.952109,-77.091610,Ward 3,2022-05-27
2022-05-28,38.928578,-77.027209,Ward 1,2022-05-28
2022-05-28,38.929505,-77.027438,Ward 1,2022-05-28
2022-05-28,38.929461,-77.027431,Ward 1,2022-05-28
2022-05-28,38.929913,-77.027985,Ward 1,2022-05-28
2022-05-30,38.928873,-77.018527,Ward 1,2022-05-30
2022-05-31,38.894617,-76.985713,Ward 6,2022-05-31
2022-05-31,38.894617,-76.985713,Ward 6,2022-05-31
2022-05-31,38.928447,-77.030008,Ward 1,2022-05-31
2022-06-01,38.910983,-77.028475,Ward 2,2022-06-01
2022-06-01,38.951868,-77.027429,Ward 4,2022-06-01
2022-06-02,38.908235,-77.027436,Ward 2,2022-06-02
2022-06-02,38.903064,-77.025445,Ward 2,2022-06-02
2022-06-02,38.903147,-77.025708,Ward 2,2022-06-02
2022-06-02,38.907389,-77.027270,Ward 2,2022-06-02
2022-06-02,38.907085,-77.026799,Ward 2,2022-06-02
2022-06-02,38.906609,-77.026721,Ward 2,2022-06-02
2022-06-02,38.907508,-77.026655,Ward 2,2022-06-02
2022-06-02,38.878815,-77.007686,Ward 6,2022-06-02
2022-06-02,38.876236,-77.007826,Ward 6,2022-06-02
2022-06-02,38.875299,-77.007888,Ward 6,2022-06-02
2022-06-03,38.894617,-76.985713,Ward 6,2022-06-03
2022-06-03,38.869237,-76.968680,Ward 7,2022-06-03
2022-06-03,38.894617,-76.985713,Ward 6,2022-06-03
2022-06-03,38.894617,-76.985713,Ward 6,2022-06-03
2022-06-04,38.894617,-76.985713,Ward 6,2022-06-04
2022-06-04,38.929971,-77.031513,Ward 1,2022-06-04
2022-06-04,38.929891,-77.028586,Ward 1,2022-06-04
2022-06-04,38.929554,-77.027449,Ward 1,2022-06-04
2022-06-04,38.929675,-77.027744,Ward 1,2022-06-04
2022-06-04,38.929675,-77.027744,Ward 1,2022-06-04
2022-06-04,38.929804,-77.027475,Ward 1,2022-06-04
2022-06-04,38.929554,-77.027449,Ward 1,2022-06-04
2022-06-04,38.928851,-77.027300,Ward 1,2022-06-04
2022-06-04,38.841607,-76.996337,Ward 8,2022-06-04
2022-06-04,38.900441,-77.054242,Ward 2,2022-06-04
2022-06-05,38.929904,-77.031048,Ward 1,2022-06-05
2022-06-05,38.929900,-77.028051,Ward 1,2022-06-05
2022-06-05,38.928626,-77.027194,Ward 1,2022-06-05
2022-06-05,38.907422,-77.040918,Ward 2,2022-06-05
2022-06-06,38.901451,-76.941860,Ward 7,2022-06-06
2022-06-06,38.838513,-76.993912,Ward 8,2022-06-06
2022-06-06,38.915790,-77.040020,Ward 2,2022-06-06
2022-06-07,38.928416,-77.029172,Ward 1,2022-06-07
2022-06-07,38.910983,-77.028475,Ward 2,2022-06-07
2022-06-07,38.896302,-76.996993,Ward 6,2022-06-07
2022-06-08,38.935781,-77.087728,Ward 3,2022-06-08
2022-06-08,38.908362,-77.026742,Ward 2,2022-06-08
2022-06-08,38.910983,-77.028475,Ward 2,2022-06-08
2022-06-09,38.902832,-77.024893,Ward 2,2022-06-09
2022-06-09,38.906741,-77.027314,Ward 2,2022-06-09
2022-06-09,38.910983,-77.028475,Ward 2,2022-06-09
2022-06-09,38.917201,-77.039771,Ward 1,2022-06-09
2022-06-10,38.925579,-76.978995,Ward 5,2022-06-10
2022-06-10,38.897121,-76.977934,Ward 6,2022-06-10
2022-06-10,38.919021,-77.029025,Ward 1,2022-06-10
2022-06-10,38.944214,-77.039409,Ward 4,2022-06-10
2022-06-12,38.901071,-77.054541,Ward 2,2022-06-12
2022-06-12,38.901120,-77.054539,Ward 2,2022-06-12
2022-06-13,38.860471,-76.972407,Ward 8,2022-06-13
2022-06-14,38.902832,-77.024893,Ward 2,2022-06-14
2022-06-14,38.876607,-77.004464,Ward 6,2022-06-14
2022-06-14,38.943756,-77.085592,Ward 3,2022-06-14
2022-06-15,38.886621,-76.933457,Ward 7,2022-06-15
2022-06-15,38.917203,-77.039353,Ward 1,2022-06-15
2022-06-15,38.970834,-77.029344,Ward 4,2022-06-15
2022-06-16,38.897322,-76.974035,Ward 7,2022-06-16
2022-06-16,38.944058,-77.004074,Ward 5,2022-06-16
2022-06-16,38.855803,-76.978735,Ward 8,2022-06-16
2022-06-19,38.850106,-76.983437,Ward 8,2022-06-19
2022-06-19,38.849845,-76.984389,Ward 8,2022-06-19
2022-06-19,38.961848,-77.023571,Ward 4,2022-06-19
2022-06-20,38.909356,-76.985294,Ward 5,2022-06-20
2022-06-20,38.947999,-76.981935,Ward 5,2022-06-20
2022-06-20,38.910915,-77.086464,Ward 3,2022-06-20
2022-06-22,38.866617,-77.009929,Ward 6,2022-06-22
2022-06-23,38.951241,-77.091788,Ward 3,2022-06-23
2022-06-23,38.889519,-76.995315,Ward 6,2022-06-23
2022-06-24,38.927628,-77.035481,Ward 1,2022-06-24
2022-06-25,38.929894,-77.097918,Ward 3,2022-06-25
2022-06-25,38.927390,-77.098267,Ward 3,2022-06-25
2022-06-25,38.927390,-77.098267,Ward 3,2022-06-25
2022-06-25,38.928677,-77.101090,Ward 3,2022-06-25
2022-06-25,38.930842,-77.098529,Ward 3,2022-06-25
2022-06-26,38.911911,-77.089182,Ward 3,2022-06-26
2022-06-26,38.897845,-77.054027,Ward 2,2022-06-26
2022-06-26,38.897845,-77.054027,Ward 2,2022-06-26
2022-06-27,38.901333,-76.983648,Ward 5,2022-06-27
2022-06-27,38.911911,-77.089182,Ward 3,2022-06-27
2022-06-27,38.840055,-76.988814,Ward 8,2022-06-27
2022-06-27,38.911993,-77.089328,Ward 3,2022-06-27
2022-06-27,38.911750,-77.024318,Ward 6,2022-06-27
2022-06-27,38.927390,-77.098267,Ward 3,2022-06-27
2022-06-28,38.911834,-77.089034,Ward 3,2022-06-28
2022-06-28,38.900439,-77.054299,Ward 2,2022-06-28
2022-06-28,38.917184,-77.010607,Ward 5,2022-06-28
2022-06-28,38.905414,-77.027408,Ward 2,2022-06-28
2022-06-28,38.908235,-77.027436,Ward 2,2022-06-28
2022-06-29,38.866617,-77.009929,Ward 6,2022-06-29
2022-06-30,38.896040,-76.936164,Ward 7,2022-06-30
2022-07-01,38.917382,-77.018334,Ward 1,2022-07-01
2022-07-01,38.952855,-77.022687,Ward 4,2022-07-01
2022-07-01,38.911911,-77.089182,Ward 3,2022-07-01
2022-07-01,38.952855,-77.022687,Ward 4,2022-07-01
2022-07-04,38.900441,-77.054242,Ward 2,2022-07-04
2022-07-05,38.945068,-77.039882,Ward 4,2022-07-05
2022-07-06,38.951241,-77.091788,Ward 3,2022-07-06
2022-07-06,38.919840,-76.984177,Ward 5,2022-07-06
2022-07-06,38.910520,-77.012701,Ward 5,2022-07-06
2022-07-07,38.886519,-76.934150,Ward 7,2022-07-07
2022-07-08,38.868049,-76.984479,Ward 8,2022-07-08
2022-07-08,38.935225,-77.026609,Ward 1,2022-07-08
2022-07-09,38.929810,-77.056931,Ward 3,2022-07-09
2022-07-10,38.910453,-77.082560,Ward 3,2022-07-10
2022-07-10,38.910453,-77.082560,Ward 3,2022-07-10
2022-07-10,38.910385,-77.082579,Ward 3,2022-07-10
2022-07-10,38.911911,-77.089182,Ward 3,2022-07-10
2022-07-10,38.912412,-77.039066,Ward 2,2022-07-10
2022-07-10,38.928387,-77.028396,Ward 1,2022-07-10
2022-07-10,38.928387,-77.028396,Ward 1,2022-07-10
2022-07-10,38.928499,-77.027674,Ward 1,2022-07-10
2022-07-11,38.936168,-77.059009,Ward 3,2022-07-11
2022-07-11,38.930733,-77.030517,Ward 1,2022-07-11
2022-07-11,38.929971,-77.031513,Ward 1,2022-07-11
2022-07-11,38.929972,-77.030599,Ward 1,2022-07-11
2022-07-11,38.929278,-77.030048,Ward 1,2022-07-11
2022-07-11,38.928387,-77.028396,Ward 1,2022-07-11
2022-07-11,38.970834,-77.029344,Ward 4,2022-07-11
2022-07-12,38.929600,-77.056814,Ward 3,2022-07-12
2022-07-12,38.911686,-77.070447,Ward 2,2022-07-12
2022-07-13,38.860492,-76.972722,Ward 8,2022-07-13
2022-07-13,38.927962,-77.027061,Ward 1,2022-07-13
2022-07-13,38.928013,-77.027614,Ward 1,2022-07-13
2022-07-14,38.917196,-77.010725,Ward 5,2022-07-14
2022-07-14,38.897973,-76.977958,Ward 7,2022-07-14
2022-07-14,38.928869,-77.032427,Ward 1,2022-07-14
2022-07-15,38.917196,-77.010725,Ward 5,2022-07-15
2022-07-15,38.917196,-77.010725,Ward 5,2022-07-15
2022-07-15,38.915827,-77.040211,Ward 2,2022-07-15
2022-07-15,38.928400,-77.031010,Ward 1,2022-07-15
2022-07-15,38.928409,-77.029417,Ward 1,2022-07-15
2022-07-15,38.915790,-77.040020,Ward 2,2022-07-15
2022-07-16,38.928626,-77.027194,Ward 1,2022-07-16
2022-07-16,38.959500,-77.030184,Ward 4,2022-07-16
2022-07-16,38.929918,-77.030392,Ward 1,2022-07-16
2022-07-16,38.929620,-77.032212,Ward 1,2022-07-16
2022-07-16,38.929366,-77.031840,Ward 1,2022-07-16
2022-07-17,38.897137,-76.997792,Ward 6,2022-07-17
2022-07-17,38.924291,-76.982198,Ward 5,2022-07-17
2022-07-18,38.896359,-77.025065,Ward 2,2022-07-18
2022-07-18,38.928258,-77.027144,Ward 1,2022-07-18
2022-07-19,38.897715,-76.985753,Ward 6,2022-07-19
2022-07-19,38.932634,-77.029450,Ward 1,2022-07-19
2022-07-19,38.932634,-77.029450,Ward 1,2022-07-19
2022-07-19,38.933601,-77.029421,Ward 1,2022-07-19
2022-07-19,38.934405,-77.029435,Ward 1,2022-07-19
2022-07-19,38.934424,-77.030660,Ward 1,2022-07-19
2022-07-19,38.937462,-77.033077,Ward 4,2022-07-19
2022-07-19,38.937372,-77.033037,Ward 4,2022-07-19
2022-07-19,38.936719,-77.032398,Ward 1,2022-07-19
2022-07-19,38.936719,-77.032398,Ward 1,2022-07-19
2022-07-19,38.934042,-77.032473,Ward 1,2022-07-19
2022-07-19,38.933727,-77.032420,Ward 1,2022-07-19
2022-07-19,38.929915,-77.028522,Ward 1,2022-07-19
2022-07-20,38.897715,-76.985753,Ward 6,2022-07-20
2022-07-20,38.928807,-77.032641,Ward 1,2022-07-20
2022-07-20,38.928807,-77.032641,Ward 1,2022-07-20
2022-07-20,38.928807,-77.032641,Ward 1,2022-07-20
2022-07-20,38.928635,-77.029708,Ward 1,2022-07-20
2022-07-20,38.915827,-77.040211,Ward 2,2022-07-20
2022-07-21,38.942952,-77.025125,Ward 4,2022-07-21
2022-07-21,38.896554,-76.935309,Ward 7,2022-07-21
2022-07-21,38.915827,-77.040211,Ward 2,2022-07-21
2022-07-22,38.927272,-77.085912,Ward 3,2022-07-22
2022-07-22,38.927272,-77.085912,Ward 3,2022-07-22
2022-07-22,38.914133,-77.064047,Ward 2,2022-07-22
2022-07-23,38.929964,-77.032075,Ward 1,2022-07-23
2022-07-23,38.929964,-77.032075,Ward 1,2022-07-23
2022-07-23,38.929964,-77.032075,Ward 1,2022-07-23
2022-07-23,38.929906,-77.029474,Ward 1,2022-07-23
2022-07-23,38.929675,-77.027744,Ward 1,2022-07-23
2022-07-23,38.915790,-77.040020,Ward 2,2022-07-23
2022-07-24,38.915809,-77.039495,Ward 2,2022-07-24
2022-07-25,38.917201,-77.039771,Ward 1,2022-07-25
2022-07-25,38.928499,-77.027674,Ward 1,2022-07-25
2022-07-25,38.958414,-76.994669,Ward 4,2022-07-25
2022-07-25,38.872303,-77.005543,Ward 6,2022-07-25
2022-07-25,38.928162,-77.027119,Ward 1,2022-07-25
2022-07-25,38.928996,-77.027321,Ward 1,2022-07-25
2022-07-25,38.928996,-77.027321,Ward 1,2022-07-25
2022-07-25,38.928996,-77.027321,Ward 1,2022-07-25
2022-07-25,38.929600,-77.027445,Ward 1,2022-07-25
2022-07-26,38.845724,-76.970207,Ward 8,2022-07-26
2022-07-26,38.955811,-77.066752,Ward 3,2022-07-26
2022-07-27,38.944603,-76.977012,Ward 5,2022-07-27
2022-07-27,38.915790,-77.040020,Ward 2,2022-07-27
2022-07-27,38.915827,-77.040211,Ward 2,2022-07-27
2022-07-28,38.923939,-77.044095,Ward 1,2022-07-28
2022-07-28,38.905438,-77.044676,Ward 2,2022-07-28
2022-07-29,38.916505,-77.024277,Ward 1,2022-07-29
2022-07-29,38.916291,-77.024188,Ward 1,2022-07-29
2022-07-29,38.931151,-77.026326,Ward 1,2022-07-29
2022-07-29,38.912106,-77.089507,Ward 3,2022-07-29
2022-07-29,38.915827,-77.040211,Ward 2,2022-07-29
2022-07-30,38.928379,-77.028749,Ward 1,2022-07-30
2022-07-30,38.866255,-76.987307,Ward 8,2022-07-30
2022-07-30,38.866255,-76.987307,Ward 8,2022-07-30
2022-07-30,38.949053,-77.018557,Ward 4,2022-07-30
2022-07-30,38.930725,-77.024610,Ward 1,2022-07-30
2022-07-30,38.928996,-77.027321,Ward 1,2022-07-30
2022-07-30,38.917377,-77.029349,Ward 1,2022-07-30
2022-07-31,38.915827,-77.040211,Ward 2,2022-07-31
2022-07-31,38.916505,-77.024277,Ward 1,2022-07-31
2022-08-01,38.915827,-77.040211,Ward 2,2022-08-01
2022-08-01,38.900975,-77.049620,Ward 2,2022-08-01
2022-08-01,38.900410,-77.050376,Ward 2,2022-08-01
2022-08-01,38.928869,-77.032427,Ward 1,2022-08-01
2022-08-02,38.931410,-77.030303,Ward 1,2022-08-02
2022-08-02,38.898561,-76.922889,Ward 7,2022-08-02
2022-08-02,38.942868,-77.002971,Ward 5,2022-08-02
2022-08-02,38.928869,-77.032427,Ward 1,2022-08-02
2022-08-02,38.929092,-77.027348,Ward 1,2022-08-02
2022-08-02,38.891212,-76.989070,Ward 6,2022-08-02
2022-08-03,38.900498,-77.054350,Ward 2,2022-08-03
2022-08-03,38.900344,-77.053518,Ward 2,2022-08-03
2022-08-03,38.931410,-77.030303,Ward 1,2022-08-03
2022-08-03,38.919840,-76.984177,Ward 5,2022-08-03
2022-08-03,38.887388,-76.989466,Ward 6,2022-08-03
2022-08-03,38.923844,-77.043862,Ward 1,2022-08-03
2022-08-03,38.915827,-77.040211,Ward 2,2022-08-03
2022-08-03,38.867726,-76.984897,Ward 8,2022-08-03
2022-08-04,38.877331,-76.998380,Ward 6,2022-08-04
2022-08-04,38.915827,-77.040211,Ward 2,2022-08-04
2022-08-04,38.898151,-76.944659,Ward 7,2022-08-04
2022-08-05,38.931298,-77.030441,Ward 1,2022-08-05
2022-08-05,38.900873,-77.054579,Ward 2,2022-08-05
2022-08-05,38.900520,-77.054396,Ward 2,2022-08-05
2022-08-05,38.900520,-77.054396,Ward 2,2022-08-05
2022-08-05,38.848126,-77.000242,Ward 8,2022-08-05
2022-08-05,38.952386,-77.009833,Ward 4,2022-08-05
2022-08-05,38.929092,-77.027348,Ward 1,2022-08-05
2022-08-05,38.928996,-77.027321,Ward 1,2022-08-05
2022-08-05,38.867423,-76.985303,Ward 8,2022-08-05
2022-08-05,38.931410,-77.030303,Ward 1,2022-08-05
2022-08-06,38.934370,-77.088910,Ward 3,2022-08-06
2022-08-06,38.929278,-77.030048,Ward 1,2022-08-06
2022-08-06,38.929278,-77.030048,Ward 1,2022-08-06
2022-08-06,38.914452,-77.024215,Ward 1,2022-08-06
2022-08-07,38.915827,-77.040211,Ward 2,2022-08-07
2022-08-07,38.915827,-77.040211,Ward 2,2022-08-07
2022-08-08,38.867996,-76.945881,Ward 7,2022-08-08
2022-08-08,38.907438,-77.040274,Ward 2,2022-08-08
2022-08-08,38.907438,-77.040274,Ward 2,2022-08-08
2022-08-09,38.907601,-76.996915,Ward 5,2022-08-09
2022-08-11,38.859187,-76.986796,Ward 8,2022-08-11
2022-08-11,38.931298,-77.030441,Ward 1,2022-08-11
2022-08-11,38.931298,-77.030441,Ward 1,2022-08-11
2022-08-11,38.930469,-77.031737,Ward 1,2022-08-11
2022-08-11,38.930678,-77.030919,Ward 1,2022-08-11
2022-08-11,38.931012,-77.028463,Ward 1,2022-08-11
2022-08-11,38.930895,-77.028255,Ward 1,2022-08-11
2022-08-11,38.927962,-77.027061,Ward 1,2022-08-11
2022-08-12,38.928387,-77.030945,Ward 1,2022-08-12
2022-08-12,38.928389,-77.031597,Ward 1,2022-08-12
2022-08-12,38.928869,-77.032427,Ward 1,2022-08-12
2022-08-12,38.928869,-77.032427,Ward 1,2022-08-12
2022-08-12,38.928869,-77.032427,Ward 1,2022-08-12
2022-08-12,38.928869,-77.032427,Ward 1,2022-08-12
2022-08-12,38.929287,-77.032421,Ward 1,2022-08-12
2022-08-12,38.929601,-77.032470,Ward 1,2022-08-12
2022-08-12,38.929964,-77.032075,Ward 1,2022-08-12
2022-08-12,38.929657,-77.029709,Ward 1,2022-08-12
2022-08-12,38.929903,-77.028169,Ward 1,2022-08-12
2022-08-12,38.928206,-77.027133,Ward 1,2022-08-12
2022-08-12,38.928859,-77.030368,Ward 1,2022-08-12
2022-08-12,38.928884,-77.030607,Ward 1,2022-08-12
2022-08-12,38.928994,-77.038662,Ward 1,2022-08-12
2022-08-13,38.916588,-77.020773,Ward 1,2022-08-13
2022-08-13,38.930786,-77.032434,Ward 1,2022-08-13
2022-08-13,38.929399,-77.031545,Ward 1,2022-08-13
2022-08-13,38.929399,-77.031545,Ward 1,2022-08-13
2022-08-13,38.929427,-77.030564,Ward 1,2022-08-13
2022-08-13,38.929895,-77.029947,Ward 1,2022-08-13
2022-08-13,38.929657,-77.029709,Ward 1,2022-08-13
2022-08-13,38.928387,-77.028396,Ward 1,2022-08-13
2022-08-13,38.917201,-77.039771,Ward 1,2022-08-13
2022-08-13,38.908165,-76.983060,Ward 5,2022-08-13
2022-08-14,38.899773,-76.992421,Ward 6,2022-08-14
2022-08-14,38.906506,-77.025740,Ward 2,2022-08-14
2022-08-14,38.894594,-76.958591,Ward 7,2022-08-14
2022-08-14,38.928851,-77.027300,Ward 1,2022-08-14
2022-08-14,38.928851,-77.027300,Ward 1,2022-08-14
2022-08-15,38.920763,-77.027036,Ward 1,2022-08-15
2022-08-15,38.917201,-77.039771,Ward 1,2022-08-15
2022-08-16,38.906093,-77.040773,Ward 2,2022-08-16
2022-08-16,38.915790,-77.040020,Ward 2,2022-08-16
2022-08-16,38.915404,-77.030430,Ward 1,2022-08-16
2022-08-16,38.915397,-77.030732,Ward 1,2022-08-16
2022-08-16,38.925666,-77.026797,Ward 1,2022-08-16
2022-08-16,38.923487,-77.026791,Ward 1,2022-08-16
2022-08-16,38.920534,-77.025992,Ward 1,2022-08-16
2022-08-16,38.920534,-77.025992,Ward 1,2022-08-16
2022-08-16,38.919543,-77.024826,Ward 1,2022-08-16
2022-08-16,38.919543,-77.024826,Ward 1,2022-08-16
2022-08-16,38.918551,-77.026754,Ward 1,2022-08-16
2022-08-16,38.915435,-77.031620,Ward 1,2022-08-16
2022-08-16,38.916009,-77.031632,Ward 1,2022-08-16
2022-08-16,38.917569,-77.032515,Ward 1,2022-08-16
2022-08-16,38.916009,-77.031632,Ward 1,2022-08-16
2022-08-16,38.917158,-77.026821,Ward 1,2022-08-16
2022-08-16,38.916866,-77.027255,Ward 1,2022-08-16
2022-08-16,38.916997,-77.028083,Ward 1,2022-08-16
2022-08-16,38.917140,-77.029185,Ward 1,2022-08-16
2022-08-16,38.916825,-77.029141,Ward 1,2022-08-16
2022-08-16,38.916657,-77.029351,Ward 1,2022-08-16
2022-08-16,38.916798,-77.030878,Ward 1,2022-08-16
2022-08-16,38.916798,-77.030878,Ward 1,2022-08-16
2022-08-16,38.916448,-77.032249,Ward 2,2022-08-16
2022-08-16,38.915827,-77.040211,Ward 2,2022-08-16
2022-08-16,38.916009,-77.031632,Ward 1,2022-08-16
2022-08-16,38.916009,-77.031632,Ward 1,2022-08-16
2022-08-16,38.915276,-77.031697,Ward 1,2022-08-16
2022-08-16,38.928468,-77.032231,Ward 1,2022-08-16
2022-08-16,38.928412,-77.029295,Ward 1,2022-08-16
2022-08-16,38.911438,-77.001657,Ward 5,2022-08-16
2022-08-17,38.915827,-77.040211,Ward 2,2022-08-17
2022-08-17,38.955811,-77.066752,Ward 3,2022-08-17
2022-08-17,38.908039,-77.009915,Ward 5,2022-08-17
2022-08-17,38.926815,-77.035649,Ward 1,2022-08-17
2022-08-17,38.925140,-77.038373,Ward 1,2022-08-17
2022-08-17,38.927719,-77.031981,Ward 1,2022-08-17
2022-08-17,38.927872,-77.027602,Ward 1,2022-08-17
2022-08-17,38.927732,-77.027273,Ward 1,2022-08-17
2022-08-18,38.900448,-77.054016,Ward 2,2022-08-18
2022-08-18,38.917202,-77.039530,Ward 1,2022-08-18
2022-08-18,38.917202,-77.039530,Ward 1,2022-08-18
2022-08-18,38.917202,-77.039530,Ward 1,2022-08-18
2022-08-18,38.960817,-77.083518,Ward 3,2022-08-18
2022-08-18,38.954589,-77.019567,Ward 4,2022-08-18
2022-08-19,38.935249,-77.042068,Ward 1,2022-08-19
2022-08-19,38.942216,-77.092617,Ward 3,2022-08-19
2022-08-20,38.929388,-77.031486,Ward 1,2022-08-20
2022-08-20,38.929451,-77.030273,Ward 1,2022-08-20
2022-08-20,38.928387,-77.028396,Ward 1,2022-08-20
2022-08-20,38.915827,-77.040211,Ward 2,2022-08-20
2022-08-21,38.955811,-77.066752,Ward 3,2022-08-21
2022-08-21,38.929182,-77.027380,Ward 1,2022-08-21
2022-08-21,38.891092,-77.032737,Ward 2,2022-08-21
2022-08-22,38.917202,-77.039530,Ward 1,2022-08-22
2022-08-22,38.917202,-77.039530,Ward 1,2022-08-22
2022-08-22,38.915827,-77.040211,Ward 2,2022-08-22
2022-08-23,38.934824,-77.024330,Ward 1,2022-08-23
2022-08-23,38.935021,-77.024361,Ward 1,2022-08-23
2022-08-23,38.915827,-77.040211,Ward 2,2022-08-23
2022-08-23,38.929901,-77.029345,Ward 1,2022-08-23
2022-08-23,38.928996,-77.027321,Ward 1,2022-08-23
2022-08-24,38.875958,-76.965753,Ward 7,2022-08-24
2022-08-24,38.960817,-77.083518,Ward 3,2022-08-24
2022-08-24,38.886809,-76.986140,Ward 6,2022-08-24
2022-08-24,38.915849,-77.033383,Ward 2,2022-08-24
2022-08-25,38.912373,-77.003227,Ward 5,2022-08-25
2022-08-25,38.881900,-77.022159,Ward 6,2022-08-25
2022-08-25,38.905877,-77.004160,Ward 6,2022-08-25
2022-08-27,38.929903,-77.028169,Ward 1,2022-08-27
2022-08-27,38.929972,-77.030599,Ward 1,2022-08-27
2022-08-27,38.928447,-77.030008,Ward 1,2022-08-27
2022-08-27,38.928409,-77.029417,Ward 1,2022-08-27
2022-08-27,38.928996,-77.027321,Ward 1,2022-08-27
2022-08-27,38.928607,-77.026680,Ward 1,2022-08-27
2022-08-27,38.972101,-77.071241,Ward 4,2022-08-27
2022-08-27,38.915790,-77.040020,Ward 2,2022-08-27
2022-08-27,38.927854,-77.027033,Ward 1,2022-08-27
2022-08-27,38.942672,-76.974948,Ward 5,2022-08-27
2022-08-28,38.900520,-77.054396,Ward 2,2022-08-28
2022-08-28,38.900439,-77.054299,Ward 2,2022-08-28
2022-08-29,38.830754,-77.003323,Ward 8,2022-08-29
2022-08-29,38.874096,-76.974499,Ward 7,2022-08-29
2022-08-29,38.915790,-77.040020,Ward 2,2022-08-29
2022-08-29,38.972101,-77.071241,Ward 4,2022-08-29
2022-08-29,38.927854,-77.027033,Ward 1,2022-08-29
2022-08-30,38.927854,-77.027033,Ward 1,2022-08-30
2022-08-30,38.949853,-77.037937,Ward 4,2022-08-30
2022-08-30,38.870326,-76.967505,Ward 7,2022-08-30
2022-08-31,38.915827,-77.040211,Ward 2,2022-08-31
2022-08-31,38.928342,-77.043139,Ward 1,2022-08-31
2022-08-31,38.928996,-77.027321,Ward 1,2022-08-31
2022-08-31,38.927854,-77.027033,Ward 1,2022-08-31
2022-09-01,38.850106,-76.983437,Ward 8,2022-09-01
2022-09-01,38.874243,-76.975094,Null,2022-09-01
2022-09-01,38.929600,-77.027445,Ward 1,2022-09-01
2022-09-01,38.906559,-77.025760,Ward 2,2022-09-01
2022-09-01,38.911993,-77.089328,Ward 3,2022-09-01
2022-09-02,38.900434,-77.054126,Ward 2,2022-09-02
2022-09-02,38.868825,-76.965615,Ward 7,2022-09-02
2022-09-02,38.908717,-76.997650,Ward 5,2022-09-02
2022-09-03,38.935811,-77.026433,Ward 4,2022-09-03
2022-09-03,38.929926,-77.028227,Ward 1,2022-09-03
2022-09-03,38.929388,-77.031486,Ward 1,2022-09-03
2022-09-03,38.929446,-77.029956,Ward 1,2022-09-03
2022-09-03,38.872845,-77.000473,Ward 8,2022-09-03
2022-09-05,38.825518,-77.003050,Ward 8,2022-09-05
2022-09-05,38.913915,-77.031723,Ward 2,2022-09-05
2022-09-05,38.915827,-77.040211,Ward 2,2022-09-05
2022-09-06,38.899911,-77.053673,Ward 2,2022-09-06
2022-09-06,38.900068,-77.052766,Ward 2,2022-09-06
2022-09-06,38.900439,-77.054299,Ward 2,2022-09-06
2022-09-06,38.933979,-77.040567,Ward 1,2022-09-06
2022-09-06,38.960817,-77.083518,Ward 3,2022-09-06
2022-09-06,38.929793,-77.024215,Ward 1,2022-09-06
2022-09-06,38.915790,-77.040020,Ward 2,2022-09-06
2022-09-06,38.899772,-76.998244,Ward 6,2022-09-06
2022-09-07,38.834342,-76.997993,Ward 8,2022-09-07
2022-09-07,38.896350,-76.934260,Ward 7,2022-09-07
2022-09-07,38.932872,-76.963959,Ward 5,2022-09-07
2022-09-08,38.915827,-77.040211,Ward 2,2022-09-08
2022-09-08,38.915827,-77.040211,Ward 2,2022-09-08
2022-09-08,38.944415,-77.017963,Ward 4,2022-09-08
2022-09-08,38.928107,-77.027106,Ward 1,2022-09-08
2022-09-08,38.926632,-77.006516,Ward 5,2022-09-08
2022-09-09,38.926632,-77.006516,Ward 5,2022-09-09
2022-09-09,38.869419,-76.958178,Ward 7,2022-09-09
2022-09-09,38.931889,-77.034591,Ward 1,2022-09-09
2022-09-09,38.929388,-77.031486,Ward 1,2022-09-09
2022-09-09,38.959545,-77.080518,Ward 3,2022-09-09
2022-09-10,38.900441,-77.054242,Ward 2,2022-09-10
2022-09-10,38.929972,-77.030599,Ward 1,2022-09-10
2022-09-10,38.929901,-77.029345,Ward 1,2022-09-10
2022-09-10,38.929919,-77.028863,Ward 1,2022-09-10
2022-09-10,38.929412,-77.027425,Ward 1,2022-09-10
2022-09-10,38.928996,-77.027321,Ward 1,2022-09-10
2022-09-10,38.933586,-77.045321,Ward 1,2022-09-10
2022-09-10,38.928206,-77.027133,Ward 1,2022-09-10
2022-09-11,38.936825,-77.059243,Ward 3,2022-09-11
2022-09-11,38.930543,-77.013343,Ward 5,2022-09-11
2022-09-12,38.928342,-77.043139,Ward 1,2022-09-12
2022-09-12,38.881890,-76.965422,Ward 7,2022-09-12
2022-09-13,38.900439,-77.054299,Ward 2,2022-09-13
2022-09-13,38.900439,-77.054299,Ward 2,2022-09-13
2022-09-13,38.894575,-77.005162,Ward 6,2022-09-13
2022-09-14,38.877522,-76.933098,Ward 7,2022-09-14
2022-09-14,38.969220,-77.031967,Ward 4,2022-09-14
2022-09-16,38.968095,-77.024886,Ward 4,2022-09-16
2022-09-17,38.949053,-77.018557,Ward 4,2022-09-17
2022-09-17,38.915827,-77.040211,Ward 2,2022-09-17
2022-09-17,38.881815,-77.022404,Ward 6,2022-09-17
2022-09-17,38.946064,-77.078250,Ward 3,2022-09-17
2022-09-17,38.900439,-77.054299,Ward 2,2022-09-17
2022-09-18,38.930505,-77.015029,Ward 5,2022-09-18
2022-09-18,38.953240,-77.009701,Ward 4,2022-09-18
2022-09-18,38.900439,-77.054299,Ward 2,2022-09-18
2022-09-19,38.917201,-77.039771,Ward 1,2022-09-19
2022-09-19,38.905249,-77.066872,Ward 2,2022-09-19
2022-09-20,38.879052,-77.006976,Ward 6,2022-09-20
2022-09-20,38.915827,-77.040211,Ward 2,2022-09-20
2022-09-20,38.960817,-77.083518,Ward 3,2022-09-20
2022-09-20,38.924946,-77.026771,Ward 1,2022-09-20
2022-09-20,38.868394,-76.965982,Ward 7,2022-09-20
2022-09-20,38.900498,-77.054350,Ward 2,2022-09-20
2022-09-21,38.981590,-77.024222,Ward 4,2022-09-21
2022-09-21,38.915827,-77.040211,Ward 2,2022-09-21
2022-09-22,38.833260,-77.003373,Ward 8,2022-09-22
2022-09-22,38.833260,-77.003373,Ward 8,2022-09-22
2022-09-23,38.900434,-77.054126,Ward 2,2022-09-23
2022-09-23,38.915827,-77.040211,Ward 2,2022-09-23
2022-09-25,38.915809,-77.040633,Ward 2,2022-09-25
2022-09-25,38.917185,-77.010845,Ward 5,2022-09-25
2022-09-26,38.972052,-77.029426,Ward 4,2022-09-26
2022-09-26,38.894592,-76.976826,Ward 7,2022-09-26
2022-09-26,38.894589,-76.976766,Ward 7,2022-09-26
2022-09-27,38.900498,-77.054350,Ward 2,2022-09-27
2022-09-27,38.900520,-77.054396,Ward 2,2022-09-27
2022-09-27,38.897137,-76.997735,Ward 6,2022-09-27
2022-09-28,38.917196,-77.010725,Ward 5,2022-09-28
2022-09-28,38.907419,-76.930817,Ward 7,2022-09-28
2022-09-28,38.915827,-77.040211,Ward 2,2022-09-28
2022-09-29,38.934534,-77.094165,Ward 3,2022-09-29
2022-09-29,38.901326,-77.029623,Ward 2,2022-09-29
2022-09-29,38.894589,-76.976766,Ward 7,2022-09-29
2022-09-29,38.834568,-76.990170,Ward 8,2022-09-29
2022-09-30,38.916448,-77.039171,Ward 2,2022-09-30
2022-10-01,38.900520,-77.054396,Ward 2,2022-10-01
2022-10-01,38.900520,-77.054396,Ward 2,2022-10-01
2022-10-01,38.900520,-77.054396,Ward 2,2022-10-01
2022-10-01,38.900498,-77.054350,Ward 2,2022-10-01
2022-10-01,38.900498,-77.054350,Ward 2,2022-10-01
2022-10-01,38.900342,-77.052499,Ward 2,2022-10-01
2022-10-03,38.928896,-77.031425,Ward 1,2022-10-03
2022-10-04,38.852091,-76.983098,Ward 8,2022-10-04
2022-10-05,38.931092,-77.090611,Ward 3,2022-10-05
2022-10-06,38.923343,-77.039261,Ward 1,2022-10-06
2022-10-06,38.929461,-77.027431,Ward 1,2022-10-06
2022-10-06,38.929901,-77.030120,Ward 1,2022-10-06
2022-10-06,38.929199,-77.029443,Ward 1,2022-10-06
2022-10-06,38.896446,-77.046946,Ward 2,2022-10-06
2022-10-06,38.896687,-77.046663,Ward 2,2022-10-06
2022-10-07,38.873815,-77.002291,Ward 6,2022-10-07
2022-10-07,38.917198,-77.010668,Ward 5,2022-10-07
2022-10-07,38.917196,-77.010725,Ward 5,2022-10-07
2022-10-07,38.917198,-77.010668,Ward 5,2022-10-07
2022-10-08,38.917196,-77.010725,Ward 5,2022-10-08
2022-10-08,38.917196,-77.010725,Ward 5,2022-10-08
2022-10-08,38.929620,-77.032212,Ward 1,2022-10-08
2022-10-08,38.929389,-77.031429,Ward 1,2022-10-08
2022-10-08,38.929446,-77.029956,Ward 1,2022-10-08
2022-10-08,38.928899,-77.027302,Ward 1,2022-10-08
2022-10-09,38.891710,-77.001861,Ward 6,2022-10-09
2022-10-09,38.912788,-76.941798,Ward 7,2022-10-09
2022-10-11,38.824593,-77.005826,Ward 8,2022-10-11
2022-10-12,38.878513,-76.940642,Ward 7,2022-10-12
2022-10-13,38.878513,-76.940642,Ward 7,2022-10-13
2022-10-13,38.911933,-77.082601,Ward 3,2022-10-13
2022-10-14,38.900439,-77.054299,Ward 2,2022-10-14
2022-10-14,38.939705,-77.018494,Ward 4,2022-10-14
2022-10-14,38.915827,-77.040211,Ward 2,2022-10-14
2022-10-14,38.910983,-77.028475,Ward 2,2022-10-14
2022-10-15,38.911933,-77.082601,Ward 3,2022-10-15
2022-10-16,38.894801,-76.948941,Ward 7,2022-10-16
2022-10-17,38.928409,-77.029417,Ward 1,2022-10-17
2022-10-17,38.928499,-77.027674,Ward 1,2022-10-17
2022-10-17,38.915827,-77.040211,Ward 2,2022-10-17
2022-10-17,38.915827,-77.040211,Ward 2,2022-10-17
2022-10-18,38.915827,-77.040211,Ward 2,2022-10-18
2022-10-19,38.878513,-76.940642,Ward 7,2022-10-19
2022-10-19,38.954486,-77.090342,Ward 3,2022-10-19
2022-10-20,38.875671,-77.006149,Ward 8,2022-10-20
2022-10-20,38.907779,-77.083141,Ward 3,2022-10-20
2022-10-21,38.915827,-77.040211,Ward 2,2022-10-21
2022-10-21,38.904466,-77.024291,Ward 2,2022-10-21
2022-10-21,38.894589,-76.976766,Ward 7,2022-10-21
2022-10-22,38.929895,-77.029947,Ward 1,2022-10-22
2022-10-22,38.929901,-77.029345,Ward 1,2022-10-22
2022-10-22,38.929372,-77.027408,Ward 1,2022-10-22
2022-10-22,38.929324,-77.027393,Ward 1,2022-10-22
2022-10-22,38.928996,-77.027321,Ward 1,2022-10-22
2022-10-23,38.968091,-77.024985,Ward 4,2022-10-23
2022-10-23,38.929804,-77.027475,Ward 1,2022-10-23
2022-10-24,38.878513,-76.940642,Ward 7,2022-10-24
2022-10-24,38.908383,-76.998537,Ward 5,2022-10-24
2022-10-26,38.926591,-76.998711,Ward 5,2022-10-26
2022-10-27,38.925970,-77.076833,Ward 3,2022-10-27
2022-10-28,38.919840,-76.984177,Ward 5,2022-10-28
2022-10-29,38.915827,-77.040211,Ward 2,2022-10-29
2022-10-29,38.917198,-77.010668,Ward 5,2022-10-29
2022-10-29,38.917198,-77.010668,Ward 5,2022-10-29
2022-10-30,38.910410,-77.002043,Ward 5,2022-10-30
2022-10-30,38.914290,-77.027596,Ward 1,2022-10-30
2022-10-31,38.900520,-77.054396,Ward 2,2022-10-31
2022-10-31,38.919840,-76.984177,Ward 5,2022-10-31
2022-10-31,38.910842,-77.059071,Ward 2,2022-10-31
2022-10-31,38.942839,-77.023621,Ward 4,2022-10-31
2022-10-31,38.942839,-77.023621,Ward 4,2022-10-31
2022-10-31,38.942839,-77.023621,Ward 4,2022-10-31
2022-11-01,38.919840,-76.984177,Ward 5,2022-11-01
2022-11-03,38.904002,-77.049254,Ward 2,2022-11-03
2022-11-04,38.892959,-76.958370,Ward 7,2022-11-04
2022-11-04,38.973611,-77.023614,Ward 4,2022-11-04
2022-11-04,38.928463,-77.034769,Ward 1,2022-11-04
2022-11-05,38.927586,-76.972144,Ward 5,2022-11-05
2022-11-06,38.915790,-77.040020,Ward 2,2022-11-06
2022-11-07,38.933190,-77.076585,Ward 3,2022-11-07
2022-11-07,38.900796,-76.941725,Ward 7,2022-11-07
2022-11-07,38.898876,-76.940713,Ward 7,2022-11-07
2022-11-07,38.881836,-76.924287,Ward 7,2022-11-07
2022-11-07,38.838513,-76.993912,Ward 8,2022-11-07
2022-11-07,38.921118,-77.024986,Ward 1,2022-11-07
2022-11-08,38.900441,-77.054184,Ward 2,2022-11-08
2022-11-08,38.890074,-76.991744,Ward 6,2022-11-08
2022-11-08,38.956225,-77.080573,Ward 3,2022-11-08
2022-11-09,38.915790,-77.040020,Ward 2,2022-11-09
2022-11-09,38.915827,-77.040211,Ward 2,2022-11-09
2022-11-10,38.870644,-77.007957,Ward 6,2022-11-10
2022-11-10,38.915827,-77.040211,Ward 2,2022-11-10
2022-11-11,38.968857,-77.072186,Ward 3,2022-11-11
2022-11-12,38.926404,-77.076179,Ward 3,2022-11-12
2022-11-12,38.928388,-77.028337,Ward 1,2022-11-12
2022-11-12,38.917201,-77.039771,Ward 1,2022-11-12
2022-11-12,38.917201,-77.039771,Ward 1,2022-11-12
2022-11-12,38.876819,-76.934451,Ward 7,2022-11-12
2022-11-13,38.920445,-76.986189,Ward 5,2022-11-13
2022-11-13,38.920445,-76.986189,Ward 5,2022-11-13
2022-11-14,38.899414,-77.021676,Ward 2,2022-11-14
2022-11-15,38.968484,-77.072318,Ward 3,2022-11-15
2022-11-15,38.892087,-77.012173,Null,2022-11-15
2022-11-16,38.929930,-77.006544,Ward 5,2022-11-16
2022-11-16,38.924277,-76.995735,Ward 5,2022-11-16
2022-11-16,38.911008,-77.002015,Ward 5,2022-11-16
2022-11-16,38.926406,-77.076850,Ward 3,2022-11-16
2022-11-16,38.926406,-77.076850,Ward 3,2022-11-16
2022-11-17,38.917196,-77.010725,Ward 5,2022-11-17
2022-11-17,38.900439,-77.054299,Ward 2,2022-11-17
2022-11-17,38.839790,-76.989887,Ward 8,2022-11-17
2022-11-17,38.911370,-77.023967,Ward 6,2022-11-17
2022-11-21,38.912373,-77.003227,Ward 5,2022-11-21
2022-11-22,38.915827,-77.040211,Ward 2,2022-11-22
2022-11-22,38.915827,-77.040211,Ward 2,2022-11-22
2022-11-22,38.915827,-77.040211,Ward 2,2022-11-22
2022-11-23,38.915827,-77.040211,Ward 2,2022-11-23
2022-11-26,38.915827,-77.040211,Ward 2,2022-11-26
2022-11-26,38.865101,-76.982079,Ward 8,2022-11-26
2022-11-26,38.865101,-76.982079,Ward 8,2022-11-26
2022-11-26,38.915827,-77.040211,Ward 2,2022-11-26
2022-11-28,38.870754,-76.939905,Ward 7,2022-11-28
2022-11-28,38.829994,-77.004077,Ward 8,2022-11-28
2022-11-28,38.830839,-77.004597,Ward 8,2022-11-28
2022-11-28,38.830839,-77.004597,Ward 8,2022-11-28
2022-11-28,38.831274,-77.004599,Ward 8,2022-11-28
2022-12-01,38.915827,-77.040211,Ward 2,2022-12-01
2022-12-02,38.924249,-77.056865,Ward 3,2022-12-02
2022-12-02,38.915107,-77.000114,Ward 5,2022-12-02
2022-12-05,38.902112,-76.946097,Ward 7,2022-12-05
2022-12-06,38.949923,-77.034069,Ward 4,2022-12-06
2022-12-07,38.915827,-77.040211,Ward 2,2022-12-07
2022-12-07,38.915827,-77.040211,Ward 2,2022-12-07
2022-12-07,38.885868,-77.005394,Ward 6,2022-12-07
2022-12-07,38.834737,-76.997495,Ward 8,2022-12-07
2022-12-08,38.915827,-77.040211,Ward 2,2022-12-08
2022-12-08,38.892283,-76.983429,Ward 6,2022-12-08
2022-12-09,38.915827,-77.040211,Ward 2,2022-12-09
2022-12-11,38.836978,-76.991304,Ward 8,2022-12-11
2022-12-12,38.901451,-76.941860,Ward 7,2022-12-12
2022-12-12,38.898531,-76.929748,Ward 7,2022-12-12
2022-12-12,38.896450,-76.985278,Ward 6,2022-12-12
2022-12-13,38.879870,-77.026755,Ward 6,2022-12-13
2022-12-13,38.880444,-77.025650,Ward 6,2022-12-13
2022-12-13,38.887280,-76.916929,Ward 7,2022-12-13
2022-12-13,38.862966,-76.972001,Ward 8,2022-12-13
2022-12-15,38.881713,-76.994013,Ward 6,2022-12-15
2022-12-17,38.881713,-76.994013,Ward 6,2022-12-17
2022-12-18,38.849854,-76.983783,Ward 8,2022-12-18
2022-12-19,38.880544,-77.024108,Ward 6,2022-12-19
2022-12-19,38.883380,-77.025510,Ward 6,2022-12-19
2022-12-19,38.881713,-76.994013,Ward 6,2022-12-19
2022-12-19,38.889523,-76.995979,Ward 6,2022-12-19
2022-12-19,38.883380,-77.025510,Ward 6,2022-12-19
2022-12-19,38.880544,-77.024108,Ward 6,2022-12-19
2022-12-19,38.880544,-77.024108,Ward 6,2022-12-19
2022-12-19,38.880237,-77.025303,Ward 6,2022-12-19
2022-12-19,38.880237,-77.025303,Ward 6,2022-12-19
2022-12-19,38.880237,-77.025303,Ward 6,2022-12-19
2022-12-19,38.880237,-77.025303,Ward 6,2022-12-19
2022-12-20,38.886468,-76.923254,Ward 7,2022-12-20
2022-12-21,38.944050,-76.986340,Ward 5,2022-12-21
2022-12-21,38.869711,-76.976527,Ward 8,2022-12-21
2022-12-21,38.903489,-76.944438,Ward 7,2022-12-21
2022-12-21,38.903489,-76.944438,Ward 7,2022-12-21
2022-12-21,38.892283,-76.983429,Ward 6,2022-12-21
2022-12-26,38.933658,-76.984030,Ward 5,2022-12-26
2022-12-28,38.877119,-77.021401,Ward 6,2022-12-28
2022-12-29,38.876697,-77.008657,Ward 6,2022-12-29
2022-12-29,38.896040,-76.936164,Ward 7,2022-12-29
2022-12-31,38.879210,-77.024494,Ward 6,2022-12-31
2022-12-31,38.873271,-77.019839,Ward 6,2022-12-31
2022-12-31,38.870415,-76.975741,Ward 8,2022-12-31
